order_id,customer_id,product,city,amount,order_status,order_date
1,14,Headphones,Mumbai,45089.89,shipped,2023-01-13
2,1,Laptop,Bangalore,29590.09,created,2023-01-07
3,19,Tablet,Bangalore,44627.93,delivered,2023-01-11
4,6,Laptop,Bangalore,4563.1,delivered,2023-01-24
5,3,Phone,Mumbai,14077.68,shipped,2023-01-15
6,20,Phone,Mumbai,25872.38,created,2023-01-02
7,8,Laptop,Bangalore,30814.35,delivered,2023-01-31
9,20,Phone,Andhra Pradesh,44896.78,delivered,2023-01-08
10,3,Phone,Mumbai,25334.82,delivered,2023-01-06
12,1,Laptop,Andhra Pradesh,34408.18,shipped,2023-01-31
13,8,Tablet,Mumbai,26558.66,shipped,2023-01-18
14,14,Laptop,Andhra Pradesh,3154.83,created,2023-01-17
15,8,Headphones,Bangalore,23036.6,delivered,2023-01-10
16,1,Tablet,Andhra Pradesh,36153.33,delivered,2023-01-06
17,17,Tablet,Andhra Pradesh,46300.61,delivered,2023-01-18
18,5,Laptop,Andhra Pradesh,42709.97,delivered,2023-01-07
19,1,Headphones,Bangalore,7490.5,shipped,2023-01-29
21,5,Laptop,Chennai,47526.53,delivered,2023-01-02
25,20,Headphones,Chennai,2433.04,delivered,2023-01-17
26,11,Phone,Andhra Pradesh,47883.13,shipped,2023-01-15
27,1,Phone,Mumbai,12934.44,shipped,2023-01-05
30,7,Tablet,Andhra Pradesh,47457.2,created,2023-01-15
31,5,Tablet,Andhra Pradesh,34808.92,delivered,2023-01-03
32,14,Laptop,Andhra Pradesh,49472.37,delivered,2023-01-18
34,16,Tablet,Andhra Pradesh,38804.31,delivered,2023-01-28
36,5,Laptop,Andhra Pradesh,30969.65,delivered,2023-01-28
39,15,Phone,Andhra Pradesh,46628.98,shipped,2023-01-18
41,4,Tablet,Chennai,15228.34,shipped,2023-01-02
42,19,Laptop,Bangalore,37655.56,delivered,2023-01-05
44,12,Laptop,Andhra Pradesh,14873.91,delivered,2023-01-08
45,6,Tablet,Chennai,13803.81,delivered,2023-01-11
46,8,Tablet,Andhra Pradesh,11526.84,shipped,2023-01-20
47,10,Headphones,Mumbai,32223.37,shipped,2023-01-21
48,8,Tablet,Andhra Pradesh,6194.67,created,2023-01-08
51,1,Phone,Andhra Pradesh,27936.05,created,2023-01-18
52,10,Phone,Andhra Pradesh,31506.24,delivered,2023-01-23
53,12,Headphones,Bangalore,37817.37,created,2023-01-30
54,3,Headphones,Chennai,42183.05,shipped,2023-01-04
55,11,Phone,Bangalore,20167.14,created,2023-01-24
58,9,Phone,Chennai,30796.11,shipped,2023-01-19
59,11,Phone,Mumbai,25223.36,created,2023-01-24
60,2,Phone,Chennai,36755.45,delivered,2023-01-12
61,10,Headphones,Mumbai,19481.89,delivered,2023-01-07
62,9,Tablet,Andhra Pradesh,8535.63,created,2023-01-21
63,19,Laptop,Chennai,37110.92,shipped,2023-01-23
64,13,Phone,Andhra Pradesh,3309.35,shipped,2023-01-20
66,9,Laptop,Mumbai,9399.5,created,2023-01-17
67,12,Tablet,Mumbai,49192.39,delivered,2023-01-06
68,1,Headphones,Chennai,5970.6,created,2023-01-26
69,15,Tablet,Chennai,22587.89,created,2023-01-19
70,10,Tablet,Andhra Pradesh,3826.01,delivered,2023-01-23
71,9,Phone,Mumbai,3668.59,shipped,2023-01-17
72,12,Headphones,Mumbai,6192.93,shipped,2023-01-23
73,13,Phone,Mumbai,10301.16,delivered,2023-01-08
74,3,Phone,Chennai,27003.1,shipped,2023-01-13
76,16,Tablet,Andhra Pradesh,28576.49,shipped,2023-01-14
77,18,Headphones,Mumbai,7384.8,created,2023-01-08
78,5,Tablet,Andhra Pradesh,1784.92,shipped,2023-01-14
80,7,Headphones,Bangalore,18886.89,shipped,2023-01-16
81,17,Headphones,Mumbai,24003.44,shipped,2023-01-20
82,7,Laptop,Bangalore,44017.82,shipped,2023-01-09
83,15,Tablet,Mumbai,29005.81,delivered,2023-01-17
84,12,Headphones,Chennai,9759.02,shipped,2023-01-19
86,11,Phone,Andhra Pradesh,14149.17,created,2023-01-26
88,18,Laptop,Bangalore,22683.75,created,2023-01-06
91,10,Phone,Andhra Pradesh,38895.09,shipped,2023-01-15
93,6,Phone,Bangalore,627.54,delivered,2023-01-24
94,7,Laptop,Andhra Pradesh,5348.28,shipped,2023-01-29
96,7,Phone,Bangalore,44942.7,delivered,2023-01-15
97,2,Phone,Bangalore,2332.31,created,2023-01-24
98,20,Headphones,Mumbai,17621.09,created,2023-01-22
99,18,Headphones,Andhra Pradesh,21091.85,created,2023-01-07
101,7,Phone,Mumbai,33726.08,created,2023-01-12
102,8,Headphones,Bangalore,17241.61,created,2023-01-06
103,10,Headphones,Andhra Pradesh,9603.04,created,2023-01-30
104,12,Laptop,Andhra Pradesh,17037.59,created,2023-01-24
105,1,Headphones,Mumbai,37089.66,created,2023-01-12
106,4,Tablet,Mumbai,9158.2,created,2023-01-24
107,15,Tablet,Andhra Pradesh,18609.72,created,2023-01-24
108,4,Headphones,Bangalore,7333.6,created,2023-01-28
109,5,Headphones,Mumbai,19652.63,delivered,2023-01-14
110,18,Headphones,Mumbai,43587.56,shipped,2023-01-21
111,17,Phone,Andhra Pradesh,16800.68,created,2023-01-31
112,10,Headphones,Bangalore,17138.33,delivered,2023-01-02
114,12,Laptop,Mumbai,30718.6,created,2023-01-08
116,10,Tablet,Bangalore,1295.51,delivered,2023-01-02
117,20,Headphones,Andhra Pradesh,11103.48,created,2023-01-25
118,3,Tablet,Bangalore,45434.85,created,2023-01-02
120,8,Headphones,Andhra Pradesh,41443.25,created,2023-01-27
121,9,Headphones,Mumbai,21438.63,created,2023-01-19
122,5,Laptop,Andhra Pradesh,21103.81,delivered,2023-01-29
123,7,Tablet,Mumbai,10585.75,shipped,2023-01-22
125,10,Tablet,Bangalore,32843.29,created,2023-01-27
127,15,Headphones,Mumbai,37066.2,shipped,2023-01-10
129,11,Laptop,Chennai,7499.18,delivered,2023-01-19
131,15,Headphones,Andhra Pradesh,40567.19,created,2023-01-18
132,20,Phone,Andhra Pradesh,25476.65,created,2023-01-11
133,13,Phone,Andhra Pradesh,35431.95,created,2023-01-30
135,14,Phone,Mumbai,17014.34,shipped,2023-01-30
136,13,Tablet,Chennai,11968.32,shipped,2023-01-10
137,1,Laptop,Chennai,48975.86,delivered,2023-01-20
138,7,Tablet,Bangalore,44026.74,delivered,2023-01-27
139,4,Headphones,Mumbai,1211.67,created,2023-01-16
140,2,Phone,Mumbai,10760.11,delivered,2023-01-04
142,19,Tablet,Bangalore,16057.31,shipped,2023-01-31
144,18,Tablet,Andhra Pradesh,48790.68,created,2023-01-31
147,18,Laptop,Chennai,41454.78,created,2023-01-20
149,18,Tablet,Chennai,17988.19,created,2023-01-15
150,9,Phone,Mumbai,22741.27,shipped,2023-01-22
152,3,Tablet,Bangalore,46908.14,shipped,2023-01-19
153,1,Phone,Chennai,1931.69,shipped,2023-01-26
156,6,Headphones,Andhra Pradesh,3140.44,delivered,2023-01-08
157,1,Phone,Bangalore,22266.09,delivered,2023-01-16
158,18,Headphones,Andhra Pradesh,3884.24,created,2023-01-21
159,10,Phone,Mumbai,46110.71,shipped,2023-01-23
160,20,Headphones,Chennai,20500.85,shipped,2023-01-24
161,15,Headphones,Mumbai,47993.42,delivered,2023-01-26
162,10,Tablet,Bangalore,9793.62,shipped,2023-01-01
163,12,Phone,Mumbai,41099.55,shipped,2023-01-20
164,12,Laptop,Chennai,40679.19,created,2023-01-29
165,1,Phone,Bangalore,18370.97,delivered,2023-01-14
168,1,Phone,Bangalore,19276.43,delivered,2023-01-20
170,2,Tablet,Andhra Pradesh,30026.74,created,2023-01-30
172,1,Phone,Andhra Pradesh,7516.72,delivered,2023-01-11
173,19,Phone,Mumbai,4219.99,shipped,2023-01-04
174,4,Laptop,Bangalore,48324.85,created,2023-01-31
175,18,Phone,Mumbai,26169.63,shipped,2023-01-24
178,13,Laptop,Bangalore,4757.96,created,2023-01-18
179,8,Phone,Chennai,37276.87,shipped,2023-01-13
181,13,Laptop,Andhra Pradesh,42205.63,created,2023-01-23
182,5,Laptop,Chennai,44619.44,created,2023-01-09
183,4,Tablet,Mumbai,42803.84,shipped,2023-01-03
184,16,Laptop,Mumbai,13483.43,delivered,2023-01-14
185,7,Laptop,Bangalore,13675.8,created,2023-01-14
186,5,Laptop,Chennai,6940.21,created,2023-01-31
187,12,Headphones,Bangalore,42597.95,delivered,2023-01-28
188,17,Tablet,Mumbai,17401.97,shipped,2023-01-30
190,19,Laptop,Mumbai,6210.64,delivered,2023-01-28
191,18,Phone,Andhra Pradesh,1244.2,delivered,2023-01-29
193,6,Laptop,Mumbai,49646.48,shipped,2023-01-13
194,12,Phone,Mumbai,33678.88,shipped,2023-01-13
195,10,Headphones,Mumbai,21246.72,created,2023-01-02
196,15,Tablet,Bangalore,15055.38,delivered,2023-01-20
197,17,Headphones,Andhra Pradesh,28550.43,delivered,2023-01-27
200,16,Headphones,Mumbai,2085.22,shipped,2023-01-28
201,19,Tablet,Bangalore,25488.38,created,2023-01-13
202,1,Laptop,Mumbai,11553.9,delivered,2023-01-05
203,12,Phone,Mumbai,29331.2,delivered,2023-01-13
204,18,Laptop,Andhra Pradesh,10954,created,2023-01-13
208,15,Laptop,Mumbai,14646.44,delivered,2023-01-05
209,20,Headphones,Chennai,7781.68,created,2023-01-09
210,2,Tablet,Andhra Pradesh,3957.03,created,2023-01-09
211,7,Laptop,Andhra Pradesh,3386.34,delivered,2023-01-12
212,11,Tablet,Chennai,42167.37,delivered,2023-01-15
213,13,Headphones,Andhra Pradesh,33370.78,created,2023-01-10
214,19,Phone,Bangalore,31699.79,shipped,2023-01-08
215,10,Tablet,Mumbai,30801.38,shipped,2023-01-01
216,6,Phone,Bangalore,12710.79,shipped,2023-01-10
218,1,Phone,Andhra Pradesh,45904.79,created,2023-01-27
219,8,Phone,Andhra Pradesh,40332.79,created,2023-01-25
222,18,Tablet,Andhra Pradesh,23047.51,delivered,2023-01-04
223,18,Phone,Bangalore,37190.18,delivered,2023-01-03
224,9,Tablet,Andhra Pradesh,21713.76,delivered,2023-01-05
225,1,Laptop,Mumbai,41140.18,shipped,2023-01-29
226,18,Headphones,Bangalore,9957.93,shipped,2023-01-09
227,13,Headphones,Mumbai,47336.53,shipped,2023-01-29
228,14,Headphones,Bangalore,8365.86,shipped,2023-01-24
229,4,Phone,Bangalore,12292.85,created,2023-01-15
230,17,Tablet,Mumbai,39237.61,created,2023-01-24
231,10,Phone,Bangalore,44537.47,shipped,2023-01-14
232,12,Laptop,Andhra Pradesh,26369.26,delivered,2023-01-14
234,14,Phone,Chennai,24717.07,created,2023-01-18
235,13,Headphones,Andhra Pradesh,26033.96,delivered,2023-01-14
236,20,Headphones,Mumbai,14465.53,delivered,2023-01-11
238,3,Phone,Andhra Pradesh,44517.81,delivered,2023-01-17
239,4,Tablet,Mumbai,18528.69,created,2023-01-19
242,14,Tablet,Bangalore,11432.38,created,2023-01-20
243,3,Headphones,Andhra Pradesh,34500.91,delivered,2023-01-21
244,8,Headphones,Bangalore,36210.67,shipped,2023-01-18
245,2,Headphones,Mumbai,33437.85,created,2023-01-22
247,7,Phone,Andhra Pradesh,8325.7,shipped,2023-01-22
249,14,Laptop,Mumbai,38651.54,created,2023-01-09
250,7,Tablet,Mumbai,10662.21,delivered,2023-01-11
252,19,Headphones,Mumbai,48987.39,shipped,2023-01-28
253,5,Laptop,Bangalore,5397,created,2023-01-16
254,12,Laptop,Mumbai,7860.67,shipped,2023-01-10
255,7,Tablet,Chennai,35012.13,delivered,2023-01-10
256,20,Tablet,Chennai,768.85,shipped,2023-01-17
257,1,Tablet,Chennai,33441.47,shipped,2023-01-24
258,19,Tablet,Bangalore,37511.71,delivered,2023-01-10
259,4,Headphones,Bangalore,22948.44,created,2023-01-29
260,17,Laptop,Mumbai,27554.19,shipped,2023-01-02
261,5,Laptop,Chennai,17228.23,delivered,2023-01-17
262,5,Headphones,Mumbai,42745.5,created,2023-01-19
263,18,Tablet,Mumbai,42878.81,delivered,2023-01-25
265,4,Tablet,Andhra Pradesh,11261.79,shipped,2023-01-11
266,20,Headphones,Mumbai,46321.64,created,2023-01-28
267,10,Headphones,Chennai,8070.97,shipped,2023-01-24
270,13,Tablet,Mumbai,12434.41,shipped,2023-01-03
272,8,Phone,Bangalore,23581.97,shipped,2023-01-17
273,10,Tablet,Chennai,27463.76,shipped,2023-01-27
274,13,Headphones,Mumbai,19396.98,shipped,2023-01-21
275,1,Phone,Chennai,39858.29,created,2023-01-14
276,19,Laptop,Mumbai,26162.22,created,2023-01-28
280,10,Phone,Bangalore,3086.66,shipped,2023-01-28
281,14,Headphones,Andhra Pradesh,31065.92,created,2023-01-24
282,15,Phone,Andhra Pradesh,46357.73,shipped,2023-01-18
283,8,Headphones,Mumbai,29068.62,created,2023-01-06
284,6,Tablet,Bangalore,23031.96,created,2023-01-28
287,19,Tablet,Andhra Pradesh,24359.82,delivered,2023-01-13
289,18,Headphones,Chennai,34643.32,shipped,2023-01-23
290,11,Headphones,Mumbai,4824.33,created,2023-01-13
291,3,Headphones,Mumbai,2924.22,shipped,2023-01-06
292,11,Tablet,Chennai,37858.21,created,2023-01-10
293,16,Phone,Bangalore,28508.73,shipped,2023-01-25
294,12,Tablet,Andhra Pradesh,13651.18,delivered,2023-01-03
296,18,Laptop,Mumbai,21619.13,shipped,2023-01-03
297,11,Laptop,Mumbai,14418.79,delivered,2023-01-05
299,14,Headphones,Chennai,12808.75,created,2023-01-09
300,13,Phone,Mumbai,48922.93,delivered,2023-01-25
301,20,Headphones,Chennai,27397.04,delivered,2023-01-18
302,2,Tablet,Mumbai,42787.21,created,2023-01-20
303,1,Laptop,Bangalore,44518.51,created,2023-01-19
307,15,Laptop,Bangalore,38757.05,delivered,2023-01-11
309,9,Laptop,Mumbai,18282.84,delivered,2023-01-31
310,20,Laptop,Bangalore,20276.29,delivered,2023-01-19
311,16,Headphones,Chennai,1926.19,delivered,2023-01-25
312,1,Laptop,Andhra Pradesh,36539.74,created,2023-01-22
313,4,Laptop,Mumbai,29196.24,shipped,2023-01-25
314,3,Tablet,Andhra Pradesh,48749.6,created,2023-01-03
315,3,Headphones,Andhra Pradesh,31889.2,delivered,2023-01-02
317,13,Tablet,Bangalore,47941.67,shipped,2023-01-23
319,14,Headphones,Bangalore,28533.79,shipped,2023-01-27
320,11,Headphones,Andhra Pradesh,25572.31,shipped,2023-01-20
321,7,Phone,Bangalore,1150.64,delivered,2023-01-07
322,13,Laptop,Chennai,24945.94,delivered,2023-01-13
323,9,Tablet,Chennai,14210.54,shipped,2023-01-26
325,10,Phone,Chennai,42552.66,delivered,2023-01-23
326,15,Phone,Chennai,48670.75,delivered,2023-01-22
327,16,Phone,Mumbai,10181.7,delivered,2023-01-30
328,17,Headphones,Chennai,45104.23,created,2023-01-27
329,6,Phone,Bangalore,11150.77,delivered,2023-01-20
330,11,Headphones,Mumbai,12952.03,created,2023-01-26
332,12,Laptop,Mumbai,47767.93,shipped,2023-01-27
333,11,Laptop,Bangalore,37953.32,shipped,2023-01-07
334,13,Headphones,Andhra Pradesh,29008.12,delivered,2023-01-13
335,16,Phone,Mumbai,29488.07,shipped,2023-01-25
337,17,Laptop,Chennai,31501.66,created,2023-01-14
338,4,Headphones,Mumbai,19468.24,shipped,2023-01-24
339,10,Laptop,Chennai,24231.98,created,2023-01-18
342,3,Tablet,Andhra Pradesh,41224.14,shipped,2023-01-16
343,17,Phone,Andhra Pradesh,1315.19,shipped,2023-01-07
344,5,Tablet,Chennai,32783.52,shipped,2023-01-03
345,19,Headphones,Bangalore,42641.83,shipped,2023-01-29
347,2,Headphones,Bangalore,5338.28,delivered,2023-01-20
350,4,Phone,Bangalore,16826.77,shipped,2023-01-11
352,2,Tablet,Chennai,47517.86,shipped,2023-01-03
353,13,Headphones,Chennai,47033.11,created,2023-01-31
354,5,Laptop,Chennai,8665.29,delivered,2023-01-15
355,18,Tablet,Bangalore,16702.49,delivered,2023-01-24
357,5,Phone,Mumbai,44011.24,delivered,2023-01-09
359,4,Laptop,Chennai,8968.06,delivered,2023-01-08
360,12,Laptop,Chennai,43849.26,created,2023-01-18
361,4,Tablet,Bangalore,42818.37,created,2023-01-06
362,6,Tablet,Mumbai,39004.33,delivered,2023-01-17
363,20,Tablet,Mumbai,36431.66,created,2023-01-16
366,7,Laptop,Chennai,26019.52,created,2023-01-07
367,5,Phone,Chennai,49662.47,delivered,2023-01-11
368,9,Phone,Andhra Pradesh,41013.54,shipped,2023-01-21
369,4,Headphones,Mumbai,34520.43,shipped,2023-01-27
370,4,Phone,Chennai,46245.07,shipped,2023-01-23
371,20,Phone,Bangalore,1586.4,delivered,2023-01-04
373,19,Laptop,Mumbai,47056.48,created,2023-01-14
374,12,Headphones,Mumbai,25471.61,shipped,2023-01-07
375,13,Laptop,Mumbai,32137.38,created,2023-01-29
376,18,Phone,Mumbai,22430.03,shipped,2023-01-31
377,4,Laptop,Chennai,1346.93,delivered,2023-01-08
378,20,Laptop,Chennai,25555.55,created,2023-01-16
380,8,Tablet,Mumbai,25190.55,shipped,2023-01-03
381,7,Tablet,Chennai,23518.56,delivered,2023-01-05
382,17,Phone,Mumbai,29785.49,shipped,2023-01-15
383,11,Tablet,Andhra Pradesh,29795.03,created,2023-01-28
384,3,Phone,Chennai,30236.35,shipped,2023-01-04
385,14,Phone,Bangalore,35778.64,delivered,2023-01-08
387,12,Headphones,Bangalore,18752.39,delivered,2023-01-27
388,1,Phone,Mumbai,22778.33,created,2023-01-19
389,4,Headphones,Bangalore,1448.74,delivered,2023-01-15
390,19,Phone,Andhra Pradesh,19274.41,delivered,2023-01-06
392,2,Tablet,Bangalore,36471.08,delivered,2023-01-07
393,8,Headphones,Andhra Pradesh,44598.1,delivered,2023-01-30
394,9,Headphones,Bangalore,20231.5,shipped,2023-01-19
395,19,Phone,Bangalore,6906.51,created,2023-01-18
396,11,Laptop,Chennai,43290.21,created,2023-01-13
397,17,Tablet,Andhra Pradesh,41564.87,delivered,2023-01-06
398,19,Phone,Mumbai,5935.32,shipped,2023-01-17
399,9,Phone,Chennai,45742.94,delivered,2023-01-15
401,14,Laptop,Andhra Pradesh,30971.4,shipped,2023-01-02
403,19,Laptop,Bangalore,3327.71,shipped,2023-01-29
404,16,Headphones,Andhra Pradesh,5960.92,shipped,2023-01-17
407,20,Phone,Mumbai,43051.89,created,2023-01-25
409,19,Laptop,Andhra Pradesh,46380.2,shipped,2023-01-17
410,8,Tablet,Andhra Pradesh,16049.83,delivered,2023-01-19
411,15,Phone,Mumbai,878.14,shipped,2023-01-24
412,5,Headphones,Mumbai,47366.16,delivered,2023-01-05
413,16,Phone,Andhra Pradesh,47870.62,shipped,2023-01-08
414,12,Headphones,Chennai,35321.08,shipped,2023-01-04
415,3,Tablet,Bangalore,6847.13,delivered,2023-01-18
416,5,Laptop,Bangalore,31969.16,created,2023-01-06
417,3,Headphones,Bangalore,13721.13,shipped,2023-01-24
418,16,Phone,Andhra Pradesh,11147.35,shipped,2023-01-12
419,5,Laptop,Mumbai,24244.93,delivered,2023-01-06
420,11,Phone,Mumbai,46020.71,shipped,2023-01-20
421,3,Tablet,Andhra Pradesh,9997.39,created,2023-01-27
423,5,Headphones,Mumbai,38701.4,created,2023-01-15
424,9,Laptop,Bangalore,12926.28,shipped,2023-01-03
425,19,Phone,Andhra Pradesh,42609.09,shipped,2023-01-07
427,20,Tablet,Bangalore,49607.61,shipped,2023-01-15
430,15,Phone,Bangalore,37226.58,shipped,2023-01-20
431,9,Phone,Bangalore,8887.22,created,2023-01-29
432,13,Laptop,Mumbai,19953.92,created,2023-01-04
435,1,Headphones,Chennai,10284.36,shipped,2023-01-18
438,19,Phone,Bangalore,19251.65,created,2023-01-15
439,1,Phone,Chennai,45331.89,delivered,2023-01-21
445,18,Laptop,Mumbai,47318.65,shipped,2023-01-19
446,20,Headphones,Bangalore,46109.46,created,2023-01-22
447,10,Headphones,Andhra Pradesh,25193.81,delivered,2023-01-16
449,4,Headphones,Chennai,22090.88,delivered,2023-01-22
450,12,Headphones,Chennai,1940.98,created,2023-01-11
451,7,Phone,Andhra Pradesh,5867.52,delivered,2023-01-14
453,15,Tablet,Chennai,17192.09,shipped,2023-01-17
454,10,Tablet,Andhra Pradesh,40424.57,shipped,2023-01-22
455,3,Laptop,Mumbai,19453.36,created,2023-01-12
456,15,Laptop,Andhra Pradesh,43623.9,shipped,2023-01-11
457,11,Tablet,Bangalore,25076.71,created,2023-01-26
459,3,Headphones,Andhra Pradesh,8035.84,created,2023-01-20
461,20,Headphones,Mumbai,27318.51,delivered,2023-01-13
462,18,Headphones,Mumbai,23245.7,shipped,2023-01-25
463,14,Headphones,Andhra Pradesh,18704.18,created,2023-01-18
464,6,Headphones,Mumbai,34129.53,delivered,2023-01-22
465,14,Tablet,Bangalore,43795.94,delivered,2023-01-02
466,3,Tablet,Andhra Pradesh,22850.21,delivered,2023-01-06
467,2,Laptop,Chennai,9356.96,shipped,2023-01-29
468,12,Tablet,Chennai,7884.22,shipped,2023-01-28
469,14,Phone,Andhra Pradesh,44193.67,created,2023-01-10
470,13,Tablet,Mumbai,24030.11,delivered,2023-01-03
473,20,Tablet,Chennai,21633.17,delivered,2023-01-21
474,7,Laptop,Bangalore,48887.22,delivered,2023-01-19
475,2,Phone,Andhra Pradesh,46029.34,shipped,2023-01-25
476,9,Laptop,Andhra Pradesh,18613.17,created,2023-01-17
477,5,Laptop,Bangalore,30854.73,delivered,2023-01-26
478,1,Tablet,Mumbai,7701.39,delivered,2023-01-20
479,16,Tablet,Mumbai,48796.07,created,2023-01-06
480,11,Tablet,Bangalore,40985.96,delivered,2023-01-25
481,17,Laptop,Mumbai,6110.93,shipped,2023-01-29
483,16,Phone,Mumbai,8446.08,shipped,2023-01-28
485,17,Laptop,Andhra Pradesh,24687.38,delivered,2023-01-06
486,5,Laptop,Mumbai,34884.59,created,2023-01-17
487,16,Tablet,Mumbai,15883.8,delivered,2023-01-15
488,20,Phone,Chennai,13907.66,created,2023-01-05
490,19,Laptop,Andhra Pradesh,2597.01,delivered,2023-01-12
493,11,Headphones,Bangalore,46547.55,shipped,2023-01-28
494,4,Phone,Chennai,46287.96,shipped,2023-01-19
495,17,Headphones,Bangalore,587.39,created,2023-01-12
496,7,Laptop,Andhra Pradesh,47962.63,created,2023-01-08
499,11,Phone,Andhra Pradesh,1940.33,shipped,2023-01-30
500,1,Headphones,Andhra Pradesh,9412.33,delivered,2023-01-16
501,3,Laptop,Andhra Pradesh,32207.94,delivered,2023-01-23
502,15,Headphones,Mumbai,3617.47,delivered,2023-01-12
503,9,Headphones,Bangalore,37287.44,created,2023-01-02
504,2,Phone,Chennai,48704.28,delivered,2023-01-02
505,10,Headphones,Bangalore,38149.65,created,2023-01-16
507,3,Tablet,Mumbai,48439.67,delivered,2023-01-01
509,4,Phone,Bangalore,29916.6,delivered,2023-01-20
510,1,Tablet,Andhra Pradesh,2262.9,created,2023-01-11
512,15,Phone,Bangalore,3002.52,created,2023-01-29
513,11,Headphones,Andhra Pradesh,24768.52,shipped,2023-01-22
514,4,Phone,Bangalore,17543.32,created,2023-01-28
515,6,Laptop,Bangalore,6282.63,shipped,2023-01-07
517,2,Headphones,Bangalore,33003.9,shipped,2023-01-14
520,6,Tablet,Mumbai,12346.44,created,2023-01-05
523,1,Laptop,Mumbai,21100.9,created,2023-01-18
524,16,Tablet,Mumbai,47613.17,delivered,2023-01-13
525,12,Tablet,Mumbai,23338.16,created,2023-01-30
527,11,Phone,Andhra Pradesh,45594.7,delivered,2023-01-16
528,20,Phone,Andhra Pradesh,27022.06,shipped,2023-01-29
529,4,Tablet,Bangalore,46124.89,shipped,2023-01-27
532,17,Tablet,Bangalore,11757.28,shipped,2023-01-03
533,12,Phone,Chennai,43663.89,shipped,2023-01-21
534,2,Phone,Andhra Pradesh,12774.51,shipped,2023-01-04
535,8,Headphones,Bangalore,39013.08,created,2023-01-05
537,3,Laptop,Mumbai,47332.25,delivered,2023-01-21
539,7,Tablet,Bangalore,21267.55,shipped,2023-01-07
540,2,Laptop,Chennai,1359.62,delivered,2023-01-09
541,4,Tablet,Andhra Pradesh,625.95,delivered,2023-01-02
542,7,Phone,Bangalore,3086.32,created,2023-01-10
543,4,Laptop,Mumbai,23535.97,delivered,2023-01-18
544,8,Phone,Chennai,8102.49,delivered,2023-01-17
545,20,Headphones,Bangalore,45351.46,shipped,2023-01-09
546,12,Laptop,Chennai,18260.39,created,2023-01-22
547,7,Laptop,Chennai,36232.94,created,2023-01-05
548,16,Tablet,Mumbai,41146.74,created,2023-01-05
549,3,Tablet,Andhra Pradesh,42598.9,delivered,2023-01-18
550,1,Laptop,Chennai,44124.37,created,2023-01-01
551,15,Headphones,Chennai,24868.49,created,2023-01-03
552,2,Headphones,Bangalore,13760.26,shipped,2023-01-12
555,20,Phone,Bangalore,46712.61,created,2023-01-26
556,2,Headphones,Chennai,20598.65,shipped,2023-01-19
557,9,Headphones,Mumbai,3595.26,shipped,2023-01-22
558,9,Headphones,Bangalore,45848.4,created,2023-01-13
559,6,Laptop,Bangalore,36847.07,delivered,2023-01-31
560,13,Laptop,Bangalore,47283.18,shipped,2023-01-14
561,9,Phone,Andhra Pradesh,47136.76,delivered,2023-01-21
562,18,Phone,Chennai,19218.89,created,2023-01-13
563,13,Headphones,Bangalore,27674.79,delivered,2023-01-08
565,13,Laptop,Andhra Pradesh,23994.67,created,2023-01-04
566,17,Tablet,Chennai,28749.05,shipped,2023-01-04
567,11,Phone,Bangalore,45244.61,shipped,2023-01-08
568,3,Phone,Andhra Pradesh,32631.91,created,2023-01-19
570,12,Tablet,Andhra Pradesh,48460.74,delivered,2023-01-27
571,20,Laptop,Andhra Pradesh,21279.84,created,2023-01-26
573,4,Headphones,Bangalore,2837.14,shipped,2023-01-21
574,11,Phone,Mumbai,24944.45,delivered,2023-01-21
575,2,Headphones,Bangalore,27583.62,shipped,2023-01-10
576,16,Tablet,Mumbai,40911.13,created,2023-01-21
578,8,Phone,Mumbai,30078.93,shipped,2023-01-12
580,19,Laptop,Chennai,41578.56,shipped,2023-01-12
581,1,Tablet,Mumbai,33557.35,shipped,2023-01-18
582,14,Phone,Mumbai,29854.67,shipped,2023-01-22
584,6,Tablet,Mumbai,44364.39,delivered,2023-01-29
585,9,Headphones,Bangalore,22455.12,delivered,2023-01-05
587,20,Headphones,Andhra Pradesh,40970.92,created,2023-01-24
588,15,Phone,Chennai,13740.01,delivered,2023-01-08
589,20,Headphones,Bangalore,17825.32,delivered,2023-01-31
590,5,Phone,Bangalore,25716.41,delivered,2023-01-05
592,5,Headphones,Andhra Pradesh,29786.35,shipped,2023-01-19
593,4,Headphones,Mumbai,31438.97,created,2023-01-14
594,12,Phone,Chennai,7070.79,delivered,2023-01-04
597,3,Tablet,Mumbai,4656.13,shipped,2023-01-23
598,19,Tablet,Mumbai,40494.22,shipped,2023-01-13
600,10,Laptop,Bangalore,1274.1,created,2023-01-08
602,10,Phone,Chennai,28505.26,created,2023-01-30
603,12,Laptop,Andhra Pradesh,6712.41,delivered,2023-01-21
605,8,Laptop,Chennai,16811.59,shipped,2023-01-21
608,16,Headphones,Andhra Pradesh,43573.66,delivered,2023-01-21
609,4,Headphones,Chennai,22757.76,created,2023-01-11
611,18,Laptop,Andhra Pradesh,41248.46,created,2023-01-09
612,10,Tablet,Chennai,18831.15,delivered,2023-01-04
613,7,Headphones,Chennai,14510.97,created,2023-01-10
614,17,Laptop,Andhra Pradesh,32738.51,created,2023-01-13
615,4,Headphones,Andhra Pradesh,48765.13,delivered,2023-01-06
616,3,Tablet,Mumbai,31416.93,delivered,2023-01-06
617,13,Tablet,Bangalore,35903.69,delivered,2023-01-04
619,13,Headphones,Andhra Pradesh,7075.83,delivered,2023-01-08
620,2,Tablet,Bangalore,14416.31,shipped,2023-01-02
621,16,Tablet,Andhra Pradesh,45785.22,created,2023-01-27
622,10,Laptop,Chennai,7476.9,created,2023-01-13
623,9,Tablet,Bangalore,13579.16,created,2023-01-22
624,14,Tablet,Bangalore,17857.45,created,2023-01-24
625,18,Phone,Mumbai,44146.66,delivered,2023-01-06
626,18,Phone,Mumbai,40848.55,shipped,2023-01-02
627,12,Headphones,Mumbai,44052.67,created,2023-01-10
628,12,Headphones,Andhra Pradesh,48467.1,shipped,2023-01-27
630,4,Phone,Mumbai,31646.22,shipped,2023-01-25
631,20,Tablet,Chennai,3341.46,shipped,2023-01-23
633,20,Phone,Bangalore,40968.83,delivered,2023-01-03
635,7,Laptop,Mumbai,43898.89,shipped,2023-01-08
637,4,Tablet,Chennai,10295.52,created,2023-01-21
638,9,Laptop,Andhra Pradesh,26572.21,created,2023-01-03
639,18,Laptop,Bangalore,40604.19,delivered,2023-01-01
641,18,Laptop,Mumbai,5558.23,shipped,2023-01-09
642,15,Phone,Mumbai,21726.41,delivered,2023-01-01
643,16,Phone,Andhra Pradesh,11305.95,delivered,2023-01-25
644,14,Phone,Chennai,19401.02,created,2023-01-16
647,12,Phone,Mumbai,28679.46,delivered,2023-01-25
648,12,Headphones,Andhra Pradesh,18758.08,shipped,2023-01-16
649,5,Phone,Bangalore,4021.11,delivered,2023-01-03
651,18,Phone,Mumbai,21721.25,created,2023-01-25
652,3,Phone,Andhra Pradesh,31163.18,shipped,2023-01-04
653,18,Phone,Mumbai,30405.35,delivered,2023-01-16
654,5,Tablet,Chennai,30787.21,created,2023-01-21
655,12,Laptop,Andhra Pradesh,48969.27,delivered,2023-01-21
657,7,Phone,Mumbai,42484.73,shipped,2023-01-06
659,2,Tablet,Chennai,29508.54,created,2023-01-15
660,6,Laptop,Mumbai,39919.65,created,2023-01-13
661,15,Tablet,Andhra Pradesh,29101.59,shipped,2023-01-26
663,13,Headphones,Mumbai,31524.57,delivered,2023-01-13
664,7,Tablet,Andhra Pradesh,38045.87,delivered,2023-01-04
665,8,Phone,Andhra Pradesh,17844.46,created,2023-01-23
667,9,Headphones,Andhra Pradesh,4582.04,delivered,2023-01-31
669,7,Tablet,Bangalore,1474.04,shipped,2023-01-02
670,17,Phone,Chennai,8489.73,created,2023-01-11
671,19,Laptop,Andhra Pradesh,42619.35,delivered,2023-01-02
672,8,Tablet,Mumbai,12995.74,shipped,2023-01-13
673,4,Laptop,Andhra Pradesh,23764.18,created,2023-01-18
674,14,Headphones,Mumbai,24209.23,delivered,2023-01-15
675,7,Headphones,Andhra Pradesh,36887.22,created,2023-01-17
677,12,Tablet,Andhra Pradesh,41447.28,delivered,2023-01-29
678,13,Laptop,Chennai,12480.76,created,2023-01-18
682,19,Phone,Bangalore,27411.38,delivered,2023-01-02
684,3,Laptop,Bangalore,11137.06,delivered,2023-01-17
686,8,Laptop,Mumbai,18132.87,shipped,2023-01-26
687,9,Headphones,Bangalore,38678.13,shipped,2023-01-19
689,1,Phone,Mumbai,14625.5,shipped,2023-01-07
690,20,Laptop,Bangalore,29765.52,created,2023-01-02
691,3,Tablet,Mumbai,16062.93,delivered,2023-01-02
692,18,Phone,Bangalore,33861.84,delivered,2023-01-30
696,6,Phone,Bangalore,37995.24,delivered,2023-01-18
697,15,Headphones,Andhra Pradesh,38118.5,shipped,2023-01-25
698,4,Phone,Andhra Pradesh,39472.81,shipped,2023-01-15
699,2,Headphones,Chennai,45098.02,delivered,2023-01-26
701,11,Tablet,Chennai,47454.46,created,2023-01-04
702,13,Laptop,Andhra Pradesh,39459.66,delivered,2023-01-19
704,6,Headphones,Chennai,30137.81,delivered,2023-01-02
706,18,Laptop,Mumbai,38600.16,delivered,2023-01-26
707,16,Tablet,Bangalore,17694.3,created,2023-01-09
708,6,Headphones,Mumbai,49895.08,shipped,2023-01-13
709,19,Phone,Mumbai,36615.46,delivered,2023-01-20
710,6,Phone,Andhra Pradesh,48567.76,created,2023-01-25
712,20,Phone,Mumbai,27978.24,shipped,2023-01-04
713,13,Laptop,Bangalore,40310.68,delivered,2023-01-30
714,4,Tablet,Andhra Pradesh,17004.61,shipped,2023-01-13
716,18,Phone,Mumbai,25653.6,delivered,2023-01-21
717,11,Tablet,Andhra Pradesh,9368.71,shipped,2023-01-27
718,13,Headphones,Andhra Pradesh,42448.93,delivered,2023-01-24
719,2,Phone,Chennai,17832.43,created,2023-01-28
720,15,Laptop,Bangalore,43738.63,delivered,2023-01-18
722,16,Phone,Mumbai,5333.23,shipped,2023-01-25
724,8,Phone,Andhra Pradesh,1069.94,shipped,2023-01-27
725,1,Phone,Andhra Pradesh,42183.69,created,2023-01-24
726,16,Laptop,Bangalore,6964.29,created,2023-01-08
727,10,Phone,Mumbai,36052.67,delivered,2023-01-29
728,4,Headphones,Bangalore,45812.35,shipped,2023-01-11
729,18,Headphones,Andhra Pradesh,26668.75,delivered,2023-01-19
730,17,Tablet,Mumbai,22756.66,shipped,2023-01-07
731,1,Tablet,Bangalore,7428.24,created,2023-01-25
732,13,Tablet,Chennai,38559.69,delivered,2023-01-28
733,18,Laptop,Chennai,6683.85,shipped,2023-01-11
736,1,Laptop,Andhra Pradesh,4172.03,created,2023-01-10
737,2,Laptop,Andhra Pradesh,6437.14,delivered,2023-01-01
741,12,Laptop,Bangalore,35473.17,delivered,2023-01-03
743,9,Headphones,Bangalore,28807.14,shipped,2023-01-23
744,10,Phone,Chennai,39944.88,delivered,2023-01-25
745,6,Headphones,Chennai,28826.09,created,2023-01-10
747,19,Phone,Chennai,46726.11,created,2023-01-21
748,13,Laptop,Bangalore,14194.66,created,2023-01-19
749,2,Phone,Chennai,40658.67,delivered,2023-01-19
750,16,Laptop,Bangalore,23036.06,created,2023-01-26
751,19,Phone,Mumbai,20123.71,created,2023-01-29
752,5,Headphones,Chennai,42889.49,shipped,2023-01-01
753,5,Headphones,Chennai,7347.4,shipped,2023-01-27
755,10,Tablet,Andhra Pradesh,28596.72,shipped,2023-01-17
756,6,Tablet,Chennai,10543.7,created,2023-01-31
757,19,Headphones,Andhra Pradesh,7258.72,shipped,2023-01-13
760,13,Tablet,Bangalore,28652.42,created,2023-01-31
761,9,Laptop,Bangalore,11653.22,delivered,2023-01-10
762,20,Phone,Andhra Pradesh,7049.39,created,2023-01-04
763,8,Phone,Chennai,15967.72,shipped,2023-01-20
764,3,Laptop,Mumbai,5506.92,shipped,2023-01-14
765,20,Phone,Andhra Pradesh,34294.62,created,2023-01-07
766,5,Phone,Bangalore,41680.87,created,2023-01-25
767,18,Headphones,Mumbai,34162.25,delivered,2023-01-03
768,7,Tablet,Chennai,20483.65,shipped,2023-01-05
769,19,Phone,Chennai,30603.83,created,2023-01-06
771,3,Tablet,Bangalore,45360.9,delivered,2023-01-14
772,18,Tablet,Mumbai,47579.38,created,2023-01-16
773,14,Tablet,Andhra Pradesh,14959.2,delivered,2023-01-27
775,1,Laptop,Andhra Pradesh,30196.59,shipped,2023-01-30
777,14,Headphones,Mumbai,22619,delivered,2023-01-01
778,8,Headphones,Mumbai,1573.86,created,2023-01-24
779,17,Headphones,Mumbai,35793.08,shipped,2023-01-05
780,8,Tablet,Andhra Pradesh,45360.26,created,2023-01-15
782,6,Laptop,Bangalore,45778.78,shipped,2023-01-16
785,3,Headphones,Mumbai,15180.46,created,2023-01-06
786,13,Laptop,Bangalore,40035.83,delivered,2023-01-03
787,16,Tablet,Mumbai,41006.27,delivered,2023-01-09
789,14,Tablet,Bangalore,43869.08,created,2023-01-30
790,19,Phone,Chennai,29908.38,delivered,2023-01-20
791,18,Laptop,Chennai,28695.26,delivered,2023-01-16
793,5,Laptop,Andhra Pradesh,16120.84,delivered,2023-01-25
794,3,Phone,Mumbai,25599.21,shipped,2023-01-07
796,5,Tablet,Mumbai,7931.6,delivered,2023-01-22
797,11,Phone,Mumbai,44344.42,shipped,2023-01-05
798,8,Laptop,Andhra Pradesh,42215.16,created,2023-01-11
801,12,Phone,Bangalore,38381.46,created,2023-01-22
802,13,Laptop,Mumbai,36396.23,created,2023-01-31
804,10,Phone,Andhra Pradesh,5338.31,shipped,2023-01-28
806,3,Phone,Mumbai,11660.74,shipped,2023-01-23
807,11,Headphones,Andhra Pradesh,4238.17,delivered,2023-01-19
808,13,Laptop,Bangalore,43016.16,delivered,2023-01-26
809,16,Headphones,Bangalore,39476.76,shipped,2023-01-17
810,9,Headphones,Mumbai,33010.85,shipped,2023-01-10
811,16,Headphones,Chennai,42355.01,delivered,2023-01-06
813,12,Laptop,Bangalore,39643.99,created,2023-01-17
814,8,Phone,Mumbai,27528.93,shipped,2023-01-12
815,6,Phone,Mumbai,8362.51,created,2023-01-30
816,4,Laptop,Mumbai,32800.01,shipped,2023-01-23
817,9,Headphones,Andhra Pradesh,37172.65,created,2023-01-29
819,11,Tablet,Chennai,48245.92,shipped,2023-01-12
820,10,Phone,Mumbai,34078.96,shipped,2023-01-21
821,5,Headphones,Andhra Pradesh,14182.22,delivered,2023-01-15
822,12,Laptop,Andhra Pradesh,960.81,delivered,2023-01-01
823,5,Laptop,Bangalore,7871.97,delivered,2023-01-12
825,13,Laptop,Bangalore,10385.77,created,2023-01-20
826,10,Laptop,Andhra Pradesh,7511.5,shipped,2023-01-03
829,9,Phone,Andhra Pradesh,31434.15,delivered,2023-01-26
830,7,Phone,Bangalore,37365.17,created,2023-01-21
831,15,Headphones,Bangalore,39383.99,delivered,2023-01-21
832,1,Headphones,Chennai,32060.91,shipped,2023-01-28
833,8,Headphones,Mumbai,19129.12,delivered,2023-01-24
834,12,Tablet,Chennai,47418.94,delivered,2023-01-08
836,8,Tablet,Chennai,29836.94,created,2023-01-10
837,10,Phone,Mumbai,44766.37,shipped,2023-01-05
839,9,Phone,Mumbai,1545.13,delivered,2023-01-24
843,12,Phone,Bangalore,34304.78,delivered,2023-01-16
844,6,Laptop,Andhra Pradesh,18601.27,created,2023-01-01
847,5,Tablet,Mumbai,7237.22,shipped,2023-01-31
848,14,Headphones,Bangalore,14253.93,created,2023-01-08
849,2,Headphones,Chennai,8441.2,created,2023-01-14
850,2,Tablet,Bangalore,44681.08,shipped,2023-01-14
851,3,Headphones,Chennai,41545.84,shipped,2023-01-01
853,15,Phone,Chennai,10200.83,shipped,2023-01-20
854,17,Laptop,Bangalore,1420.27,shipped,2023-01-20
859,8,Phone,Andhra Pradesh,39535.89,created,2023-01-06
860,6,Phone,Bangalore,27828.49,created,2023-01-11
861,4,Tablet,Chennai,14784.23,created,2023-01-07
862,7,Headphones,Bangalore,35860.54,shipped,2023-01-04
866,16,Phone,Chennai,11538.83,shipped,2023-01-14
867,17,Laptop,Chennai,25031.17,created,2023-01-02
868,3,Phone,Mumbai,26630.94,shipped,2023-01-03
869,19,Laptop,Bangalore,6818.96,shipped,2023-01-29
870,18,Headphones,Chennai,9064.48,delivered,2023-01-22
871,13,Phone,Bangalore,41189.28,delivered,2023-01-09
872,14,Phone,Chennai,19143.24,created,2023-01-10
873,7,Phone,Chennai,9975.83,created,2023-01-02
874,13,Headphones,Chennai,42000.13,shipped,2023-01-03
876,8,Tablet,Andhra Pradesh,46137.58,delivered,2023-01-19
879,7,Tablet,Bangalore,38145.67,created,2023-01-10
880,3,Laptop,Andhra Pradesh,18672.67,shipped,2023-01-13
881,6,Tablet,Bangalore,19146.38,delivered,2023-01-03
883,9,Phone,Bangalore,15332.45,shipped,2023-01-12
885,20,Tablet,Andhra Pradesh,20282.58,shipped,2023-01-05
887,2,Headphones,Chennai,20506.86,created,2023-01-19
888,20,Phone,Bangalore,34437.1,delivered,2023-01-27
889,10,Laptop,Bangalore,28148.05,delivered,2023-01-29
890,3,Phone,Mumbai,38344.7,shipped,2023-01-12
893,20,Laptop,Chennai,42758.86,delivered,2023-01-13
894,17,Laptop,Chennai,19840.67,created,2023-01-21
895,13,Tablet,Andhra Pradesh,33320.96,shipped,2023-01-22
897,20,Laptop,Andhra Pradesh,35683.9,shipped,2023-01-22
898,14,Phone,Mumbai,49527.66,delivered,2023-01-19
899,8,Laptop,Andhra Pradesh,12024.92,shipped,2023-01-22
901,16,Phone,Andhra Pradesh,8695.29,created,2023-01-28
902,7,Headphones,Bangalore,29161.97,delivered,2023-01-11
903,2,Phone,Bangalore,20424.56,created,2023-01-11
905,5,Laptop,Chennai,49469.02,shipped,2023-01-30
906,9,Phone,Andhra Pradesh,38125.01,created,2023-01-21
907,9,Phone,Andhra Pradesh,40717.27,created,2023-01-15
908,10,Laptop,Bangalore,29075.24,delivered,2023-01-17
909,7,Phone,Bangalore,968.55,delivered,2023-01-12
910,7,Headphones,Chennai,46785.85,created,2023-01-23
911,11,Headphones,Andhra Pradesh,9089.3,shipped,2023-01-09
912,18,Phone,Andhra Pradesh,25474.76,delivered,2023-01-05
913,5,Phone,Chennai,988.68,created,2023-01-17
914,12,Headphones,Mumbai,7092.36,created,2023-01-25
917,3,Tablet,Chennai,46482.53,shipped,2023-01-19
918,6,Tablet,Chennai,33441.02,created,2023-01-01
919,14,Phone,Andhra Pradesh,4826.77,shipped,2023-01-09
921,10,Headphones,Andhra Pradesh,32421.65,shipped,2023-01-20
922,11,Phone,Chennai,7773.93,created,2023-01-28
923,11,Headphones,Chennai,48190.9,delivered,2023-01-29
925,13,Tablet,Bangalore,40075.79,shipped,2023-01-22
926,16,Headphones,Chennai,6031.19,shipped,2023-01-09
927,2,Tablet,Chennai,43539.84,created,2023-01-20
928,20,Tablet,Chennai,8185.18,created,2023-01-04
930,2,Tablet,Chennai,3833.59,created,2023-01-01
931,5,Laptop,Chennai,28547.35,delivered,2023-01-30
932,8,Tablet,Andhra Pradesh,11790.62,created,2023-01-05
933,2,Phone,Bangalore,24875.13,delivered,2023-01-05
934,14,Laptop,Mumbai,28726.22,created,2023-01-06
935,10,Tablet,Mumbai,21497.27,created,2023-01-28
936,8,Headphones,Chennai,43687.28,shipped,2023-01-17
937,15,Tablet,Chennai,8906.68,shipped,2023-01-08
938,8,Headphones,Mumbai,17901.66,created,2023-01-27
939,4,Tablet,Chennai,43875.83,delivered,2023-01-25
940,16,Tablet,Chennai,10665.44,created,2023-01-31
941,6,Tablet,Chennai,6266.5,shipped,2023-01-31
942,3,Tablet,Mumbai,19295.77,created,2023-01-07
943,2,Phone,Chennai,41432.85,created,2023-01-19
944,8,Tablet,Mumbai,18596.12,shipped,2023-01-27
945,2,Laptop,Chennai,31622.49,delivered,2023-01-21
946,11,Headphones,Andhra Pradesh,19231.48,delivered,2023-01-26
947,16,Tablet,Bangalore,28557.58,created,2023-01-19
948,16,Headphones,Bangalore,13736.31,delivered,2023-01-27
950,10,Laptop,Chennai,15180.34,shipped,2023-01-14
952,16,Tablet,Andhra Pradesh,40455.69,shipped,2023-01-26
954,6,Headphones,Chennai,44009.29,delivered,2023-01-05
956,19,Tablet,Mumbai,31008.3,created,2023-01-19
957,19,Headphones,Chennai,4190.88,created,2023-01-28
958,1,Phone,Chennai,7529.75,created,2023-01-24
959,3,Headphones,Andhra Pradesh,10653.14,delivered,2023-01-24
960,12,Laptop,Mumbai,20669.95,delivered,2023-01-06
962,2,Phone,Mumbai,39705.27,delivered,2023-01-10
963,9,Headphones,Andhra Pradesh,15251.95,shipped,2023-01-15
966,20,Phone,Chennai,48438.71,delivered,2023-01-14
967,13,Phone,Mumbai,39241.51,delivered,2023-01-21
968,8,Laptop,Chennai,14535.36,delivered,2023-01-11
969,14,Headphones,Bangalore,22011.43,shipped,2023-01-28
971,20,Laptop,Chennai,17455.53,created,2023-01-04
972,16,Tablet,Andhra Pradesh,1930.38,delivered,2023-01-27
973,8,Laptop,Mumbai,24625.59,created,2023-01-24
974,9,Headphones,Andhra Pradesh,46875.7,shipped,2023-01-07
976,14,Phone,Bangalore,46381.5,delivered,2023-01-28
978,6,Phone,Mumbai,1203.71,created,2023-01-24
980,12,Headphones,Bangalore,48595.66,created,2023-01-23
983,15,Tablet,Bangalore,11818.01,created,2023-01-10
984,8,Tablet,Bangalore,25716.71,created,2023-01-21
985,4,Headphones,Mumbai,44809.15,shipped,2023-01-06
986,11,Tablet,Bangalore,11575.83,delivered,2023-01-15
987,18,Phone,Mumbai,28444.57,delivered,2023-01-02
988,14,Laptop,Bangalore,25029.25,shipped,2023-01-09
989,2,Headphones,Bangalore,38980.57,shipped,2023-01-10
990,11,Tablet,Bangalore,6671.23,shipped,2023-01-14
992,9,Laptop,Mumbai,49221.32,shipped,2023-01-19
994,13,Laptop,Andhra Pradesh,45571.39,shipped,2023-01-23
995,18,Phone,Chennai,48801.86,shipped,2023-01-21
996,19,Phone,Bangalore,16513.6,shipped,2023-01-21
997,18,Tablet,Chennai,42065.32,delivered,2023-01-08
998,6,Headphones,Chennai,599.89,delivered,2023-01-13
999,20,Headphones,Bangalore,4976.43,created,2023-01-22
